cand,wins
Biden,13.4202857722102
Trump,29.6570981275716
