cand,wins
Harris,12.1640876758609
Trump,24.3658705879257
