cand,wins
Harris,101.014843320748
Trump,19.2618074497966
