cand,wins
Biden,16.814862621933
Trump,25.8788373829733
