cand,wins
Harris,91.2016544282537
Trump,5.86760689331219
