cand,wins
Harris,8.60221833104145
Trump,24.5554250581906
