cand,wins
Biden,18.1234975643819
Trump,32.9533356307429
