cand,wins
Biden,13.8407939297873
Trump,37.8225310916919
