cand,wins
Biden,12.3133686598258
Trump,33.8688726475093
