cand,wins
Harris,56.4065655229482
Trump,6.34458140698571
