cand,wins
Biden,12.9502705863657
Trump,40.5664047113155
