cand,wins
Biden,11.7427772629796
Trump,30.7136298231703
