cand,wins
Biden,14.8673458265807
Trump,28.2022634143622
