cand,wins
Biden,15.2140795457059
Trump,29.4798367286131
