cand,wins
Biden,13.1722164967974
Trump,35.9955195145566
