cand,wins
Harris,40.1987955052554
Trump,11.4948330877547
