cand,wins
Biden,15.1227822129532
Trump,31.7467841541445
