cand,wins
Harris,51.9985484684992
Trump,9.41402959186031
