cand,wins
Harris,7.79123270758901
Trump,25.0502323741674
