cand,wins
Biden,14.3922785321028
Trump,36.3673935097763
