cand,wins
Biden,18.6065175691094
Trump,28.2732688698499
