cand,wins
Biden,15.9862950836486
Trump,27.9517942893037
