cand,wins
Biden,12.6019124200256
Trump,43.3331990076086
