cand,wins
Biden,12.7720209214298
Trump,28.2245165403702
