cand,wins
Biden,11.7427772629796
Trump,29.6872461444034
