cand,wins
Biden,12.9502705863657
Trump,50.677043292986
