cand,wins
Biden,9.62201406705878
Trump,55.1124554906001
