cand,wins
Biden,14.4939545731079
Trump,25.6873551547421
