cand,wins
Biden,15.5692678950082
Trump,32.2986866911811
