cand,wins
Biden,12.7507235479645
Trump,43.6589889328108
