cand,wins
Biden,11.7293665286922
Trump,56.4282307069333
