cand,wins
Biden,17.0416427446189
Trump,26.7686035848994
