cand,wins
Biden,12.1817534273408
Trump,32.6014506069416
