cand,wins
Biden,17.6503007643517
Trump,28.2732688698499
