cand,wins
Biden,11.175544204061
Trump,29.2300126340736
