cand,wins
Biden,16.4451004870322
Trump,28.5725529806106
