cand,wins
Biden,10.1103951581767
Trump,57.9097784792281
