cand,wins
Harris,5.89272890858324
Trump,18.5925875669258
