cand,wins
Biden,15.6507224242811
Trump,27.1923601807862
