cand,wins
Biden,22.2440161333526
Trump,21.560155862673
