cand,wins
Harris,40.6061071535069
Trump,9.4296179932916
