cand,wins
Biden,14.1014543677732
Trump,31.1623927407358
