cand,wins
Biden,11.9931789688027
Trump,43.2001480377169
