cand,wins
Biden,12.4169338024812
Trump,30.749871878951
