cand,wins
Biden,11.7293665286922
Trump,53.0009977572721
