cand,wins
Harris,5.60808154030423
Trump,23.0525999449885
