cand,wins
Harris,14.6319351178796
Trump,23.1888809374129
