cand,wins
Biden,14.8171967916032
Trump,32.744091048647
