cand,wins
Biden,17.2797985100683
Trump,29.4222842984041
