cand,wins
Harris,55.4284387690673
Trump,8.52650937742858
