cand,wins
Harris,59.2695731868656
Trump,6.66661103286602
