cand,wins
Biden,13.4657069399294
Trump,26.2864545047605
