cand,wins
Biden,16.7977056866131
Trump,28.5430834776786
