cand,wins
Biden,14.5964961824596
Trump,33.9380594605389
