cand,wins
Biden,14.9789863722033
Trump,27.6347393072629
